country,source,matched_model,mention_title,published_time,discussion_url,trader_signal_keywords
Morocco,MG Club Maroc forum,MG ZS,"Prix MG Maroc 2026 : tous les modèles, tarifs et versions disponibles",,https://mgclub.ma/memberlist.php?mode=viewprofile&u=2&sid=3ce710c8b21bc20143fdddbd26f7f834,
Morocco,MG Club Maroc forum,MG ZS,"Prix MG Maroc 2026 : tous les modèles, tarifs et versions disponibles",,https://mgclub.ma/viewtopic.php?p=40&hilit=MG5&sid=3ce710c8b21bc20143fdddbd26f7f834#p40,
Morocco,MG Club Maroc forum,MG ZS,Comment fonctionne une voiture MG 100% électrique ? Explication simple,,https://mgclub.ma/viewtopic.php?p=33&hilit=MG5&sid=3ce710c8b21bc20143fdddbd26f7f834#p33,
Morocco,MG Club Maroc forum,MG5,Présentation de la MG Cyberster — le roadster électrique vitrine de MG,,https://mgclub.ma/viewtopic.php?p=26&hilit=MG5&sid=3ce710c8b21bc20143fdddbd26f7f834#p26,
Morocco,MG Club Maroc forum,MG5,Présentation de la MG5 — la berline compacte accessible de MG,,https://mgclub.ma/viewtopic.php?p=21&hilit=MG5&sid=3ce710c8b21bc20143fdddbd26f7f834#p21,
Morocco,Wandaloo Chery forum,Chery Tiggo 4 Pro,"TIGGO 4 Pro Abel KRIBI - le 9 mars 2025 Je suis très déçu de l'acquisition , en septembre 2024, de la nouvelle CHERY TIGGO4 Pro : consommati",,https://www.wandaloo.com/forum/chery/tiggo-4-pro/#avis,concessionnaire
Morocco,Wandaloo Chery forum,Chery Tiggo 4 Pro,"Je suis très déçu de l'acquisition , en septembre 2024, de la nouvelle CHERY TIGGO4 Pro : consommation excessive à 10,8 à 11.2 L/100 quand l",,https://www.wandaloo.com,
Morocco,Wandaloo Geely forum,Geely Coolray,Embarras de choix Said oubejja - le 2 février 2026 Bonjour Mrs... Avec un budget de 350 000 dh pour acquérir une Geely EX5...n est il pas op,,https://www.wandaloo.com/forum/geely/ex5-phev/#avis,china;showroom
Morocco,Wandaloo MG forum,MG ZS,Pas d'hybride ni hybride rechargeable ? hey el arabia - le 17 octobre 2025 Donc au maroc la MG hs n'est pas pas proposée en hybride ni en PH,,https://www.wandaloo.com/neuf/mg/hs/#avis,disponible;concessionnaire
